code,pays,drapeau_unicode
af,Afghanistan,ğŸ‡¦ğŸ‡«
za,Afrique du Sud,ğŸ‡¿ğŸ‡¦
al,Albanie,ğŸ‡¦ğŸ‡±
dz,AlgÃ©rie,ğŸ‡©ğŸ‡¿
de,Allemagne,ğŸ‡©ğŸ‡ª
ad,Andorre,ğŸ‡¦ğŸ‡©
ao,Angola,ğŸ‡¦ğŸ‡´
ag,Antigua-et-Barbuda,ğŸ‡¦ğŸ‡¬
sa,Arabie saoudite,ğŸ‡¸ğŸ‡¦
ar,Argentine,ğŸ‡¦ğŸ‡·
am,ArmÃ©nie,ğŸ‡¦ğŸ‡²
au,Australie,ğŸ‡¦ğŸ‡º
at,Autriche,ğŸ‡¦ğŸ‡¹
az,AzerbaÃ¯djan,ğŸ‡¦ğŸ‡¿
bs,Bahamas,ğŸ‡§ğŸ‡¸
bh,BahreÃ¯n,ğŸ‡§ğŸ‡­
bd,Bangladesh,ğŸ‡§ğŸ‡©
bb,Barbade,ğŸ‡§ğŸ‡§
be,Belgique,ğŸ‡§ğŸ‡ª
bz,BÃ©lize,ğŸ‡§ğŸ‡¿
bj,BÃ©nin,ğŸ‡§ğŸ‡¯
bt,Bhoutan,ğŸ‡§ğŸ‡¹
mm,Myanmar,ğŸ‡²ğŸ‡²
bo,Bolivie,ğŸ‡§ğŸ‡´
ba,Bosnie-HerzÃ©govine,ğŸ‡§ğŸ‡¦
bw,Botswana,ğŸ‡§ğŸ‡¼
br,BrÃ©sil,ğŸ‡§ğŸ‡·
bn,Brunei,ğŸ‡§ğŸ‡³
bg,Bulgarie,ğŸ‡§ğŸ‡¬
bf,Burkina,ğŸ‡§ğŸ‡«
bi,Burundi,ğŸ‡§ğŸ‡®
kh,Cambodge,ğŸ‡°ğŸ‡­
cm,Cameroun,ğŸ‡¨ğŸ‡²
ca,Canada,ğŸ‡¨ğŸ‡¦
cv,Cap-Vert,ğŸ‡¨ğŸ‡»
cf,Centrafrique,ğŸ‡¨ğŸ‡«
cl,Chili,ğŸ‡¨ğŸ‡±
cn,Chine,ğŸ‡¨ğŸ‡³
cy,Chypre,ğŸ‡¨ğŸ‡¾
co,Colombie,ğŸ‡¨ğŸ‡´
km,Comores,ğŸ‡°ğŸ‡²
cg,Congo,ğŸ‡¨ğŸ‡¬
cd,RÃ©publique dÃ©mocratique du Congo,ğŸ‡¨ğŸ‡©
kp,CorÃ©e du Nord,ğŸ‡°ğŸ‡µ
kr,CorÃ©e du Sud,ğŸ‡°ğŸ‡·
cr,Costa Rica,ğŸ‡¨ğŸ‡·
ci,CÃ´te d'Ivoire,ğŸ‡¨ğŸ‡®
hr,Croatie,ğŸ‡­ğŸ‡·
cu,Cuba,ğŸ‡¨ğŸ‡º
dk,Danemark,ğŸ‡©ğŸ‡°
dj,Djibouti,ğŸ‡©ğŸ‡¯
dm,Dominique,ğŸ‡©ğŸ‡²
eg,Ã‰gypte,ğŸ‡ªğŸ‡¬
ae,Ã‰mirats arabes unis,ğŸ‡¦ğŸ‡ª
ec,Ã‰quateur,ğŸ‡ªğŸ‡¨
er,Ã‰rythrÃ©e,ğŸ‡ªğŸ‡·
es,Espagne,ğŸ‡ªğŸ‡¸
ee,Estonie,ğŸ‡ªğŸ‡ª
us,Ã‰tats-Unis,ğŸ‡ºğŸ‡¸
et,Ã‰thiopie,ğŸ‡ªğŸ‡¹
fj,Fidji,ğŸ‡«ğŸ‡¯
fi,Finlande,ğŸ‡«ğŸ‡®
fr,France,ğŸ‡«ğŸ‡·
ga,Gabon,ğŸ‡¬ğŸ‡¦
gm,Gambie,ğŸ‡¬ğŸ‡²
ge,GÃ©orgie,ğŸ‡¬ğŸ‡ª
gh,Ghana,ğŸ‡¬ğŸ‡­
gr,GrÃ¨ce,ğŸ‡¬ğŸ‡·
gd,Grenade,ğŸ‡¬ğŸ‡©
gt,GuatÃ©mala,ğŸ‡¬ğŸ‡¹
gn,GuinÃ©e,ğŸ‡¬ğŸ‡³
gq,GuinÃ©e Ã©quatoriale,ğŸ‡¬ğŸ‡¶
gw,GuinÃ©e-Bissau,ğŸ‡¬ğŸ‡¼
gy,Guyana,ğŸ‡¬ğŸ‡¾
ht,HaÃ¯ti,ğŸ‡­ğŸ‡¹
hn,Honduras,ğŸ‡­ğŸ‡³
hu,Hongrie,ğŸ‡­ğŸ‡º
in,Inde,ğŸ‡®ğŸ‡³
id,IndonÃ©sie,ğŸ‡®ğŸ‡©
iq,Irak,ğŸ‡®ğŸ‡¶
ir,Iran,ğŸ‡®ğŸ‡·
ie,Irlande,ğŸ‡®ğŸ‡ª
is,Islande,ğŸ‡®ğŸ‡¸
il,IsraÃ«l,ğŸ‡®ğŸ‡±
it,Italie,ğŸ‡®ğŸ‡¹
jm,JamaÃ¯que,ğŸ‡¯ğŸ‡²
jp,Japon,ğŸ‡¯ğŸ‡µ
jo,Jordanie,ğŸ‡¯ğŸ‡´
kz,Kazakhstan,ğŸ‡°ğŸ‡¿
ke,Kenya,ğŸ‡°ğŸ‡ª
kg,Kirghizstan,ğŸ‡°ğŸ‡¬
ki,Kiribati,ğŸ‡°ğŸ‡®
kw,KoweÃ¯t,ğŸ‡°ğŸ‡¼
la,Laos,ğŸ‡±ğŸ‡¦
ls,Lesotho,ğŸ‡±ğŸ‡¸
lv,Lettonie,ğŸ‡±ğŸ‡»
lb,Liban,ğŸ‡±ğŸ‡§
lr,LibÃ©ria,ğŸ‡±ğŸ‡·
ly,Libye,ğŸ‡±ğŸ‡¾
li,Liechtenstein,ğŸ‡±ğŸ‡®
lt,Lituanie,ğŸ‡±ğŸ‡¹
lu,Luxembourg,ğŸ‡±ğŸ‡º
mk,MacÃ©doine du Nord,ğŸ‡²ğŸ‡°
mg,Madagascar,ğŸ‡²ğŸ‡¬
my,Malaisie,ğŸ‡²ğŸ‡¾
mw,Malawi,ğŸ‡²ğŸ‡¼
mv,Maldives,ğŸ‡²ğŸ‡»
ml,Mali,ğŸ‡²ğŸ‡±
mt,Malte,ğŸ‡²ğŸ‡¹
ma,Maroc,ğŸ‡²ğŸ‡¦
mh,Marshall,ğŸ‡²ğŸ‡­
mu,Maurice,ğŸ‡²ğŸ‡º
mr,Mauritanie,ğŸ‡²ğŸ‡·
mx,Mexique,ğŸ‡²ğŸ‡½
fm,MicronÃ©sie,ğŸ‡«ğŸ‡²
md,Moldavie,ğŸ‡²ğŸ‡©
mc,Monaco,ğŸ‡²ğŸ‡¨
mn,Mongolie,ğŸ‡²ğŸ‡³
me,MontÃ©nÃ©gro,ğŸ‡²ğŸ‡ª
mz,Mozambique,ğŸ‡²ğŸ‡¿
na,Namibie,ğŸ‡³ğŸ‡¦
nr,Nauru,ğŸ‡³ğŸ‡·
np,NÃ©pal,ğŸ‡³ğŸ‡µ
ni,Nicaragua,ğŸ‡³ğŸ‡®
ne,Niger,ğŸ‡³ğŸ‡ª
ng,NigÃ©ria,ğŸ‡³ğŸ‡¬
nu,Niue,ğŸ‡³ğŸ‡º
no,NorvÃ¨ge,ğŸ‡³ğŸ‡´
nz,Nouvelle-ZÃ©lande,ğŸ‡³ğŸ‡¿
om,Oman,ğŸ‡´ğŸ‡²
ug,Ouganda,ğŸ‡ºğŸ‡¬
uz,OuzbÃ©kistan,ğŸ‡ºğŸ‡¿
pk,Pakistan,ğŸ‡µğŸ‡°
pw,Palaos,ğŸ‡µğŸ‡¼
ps,Palestine,ğŸ‡µğŸ‡¸
pa,Panama,ğŸ‡µğŸ‡¦
pg,Papouasie-Nouvelle-GuinÃ©e,ğŸ‡µğŸ‡¬
py,Paraguay,ğŸ‡µğŸ‡¾
nl,Pays-Bas,ğŸ‡³ğŸ‡±
pe,PÃ©rou,ğŸ‡µğŸ‡ª
ph,Philippines,ğŸ‡µğŸ‡­
pl,Pologne,ğŸ‡µğŸ‡±
pt,Portugal,ğŸ‡µğŸ‡¹
qa,Qatar,ğŸ‡¶ğŸ‡¦
do,RÃ©publique dominicaine,ğŸ‡©ğŸ‡´
ro,Roumanie,ğŸ‡·ğŸ‡´
gb,Royaume-Uni,ğŸ‡¬ğŸ‡§
rw,Rwanda,ğŸ‡·ğŸ‡¼
kn,Saint-Christophe-et-NiÃ©vÃ¨s,ğŸ‡°ğŸ‡³
lc,Sainte-Lucie,ğŸ‡±ğŸ‡¨
sm,Saint-Marin,ğŸ‡¸ğŸ‡²
vc,Saint-Vincent-et-les-Grenadines,ğŸ‡»ğŸ‡¨
sb,Salomon,ğŸ‡¸ğŸ‡§
sv,Salvador,ğŸ‡¸ğŸ‡»
ws,Samoa,ğŸ‡¼ğŸ‡¸
st,Sao TomÃ©-et-Principe,ğŸ‡¸ğŸ‡¹
sn,SÃ©nÃ©gal,ğŸ‡¸ğŸ‡³
rs,Serbie,ğŸ‡·ğŸ‡¸
sc,Seychelles,ğŸ‡¸ğŸ‡¨
sl,Sierra Leone,ğŸ‡¸ğŸ‡±
sg,Singapour,ğŸ‡¸ğŸ‡¬
sk,Slovaquie,ğŸ‡¸ğŸ‡°
si,SlovÃ©nie,ğŸ‡¸ğŸ‡®
so,Somalie,ğŸ‡¸ğŸ‡´
sd,Soudan,ğŸ‡¸ğŸ‡©
ss,Soudan du Sud,ğŸ‡¸ğŸ‡¸
lk,Sri Lanka,ğŸ‡±ğŸ‡°
se,SuÃ¨de,ğŸ‡¸ğŸ‡ª
ch,Suisse,ğŸ‡¨ğŸ‡­
sr,Suriname,ğŸ‡¸ğŸ‡·
sz,Swaziland,ğŸ‡¸ğŸ‡¿
sy,Syrie,ğŸ‡¸ğŸ‡¾
tj,Tadjikistan,ğŸ‡¹ğŸ‡¯
tz,Tanzanie,ğŸ‡¹ğŸ‡¿
td,Tchad,ğŸ‡¹ğŸ‡©
cz,TchÃ©quie,ğŸ‡¨ğŸ‡¿
th,ThaÃ¯lande,ğŸ‡¹ğŸ‡­
tl,Timor oriental,ğŸ‡¹ğŸ‡±
tg,Togo,ğŸ‡¹ğŸ‡¬
to,Tonga,ğŸ‡¹ğŸ‡´
tt,TrinitÃ©-et-Tobago,ğŸ‡¹ğŸ‡¹
tn,Tunisie,ğŸ‡¹ğŸ‡³
tm,TurkmÃ©nistan,ğŸ‡¹ğŸ‡²
tr,Turquie,ğŸ‡¹ğŸ‡·
tv,Tuvalu,ğŸ‡¹ğŸ‡»
ua,Ukraine,ğŸ‡ºğŸ‡¦
uy,Uruguay,ğŸ‡ºğŸ‡¾
vu,Vanuatu,ğŸ‡»ğŸ‡º
va,Vatican,ğŸ‡»ğŸ‡¦
ve,VÃ©nÃ©zuÃ©la,ğŸ‡»ğŸ‡ª
vn,Vietnam,ğŸ‡»ğŸ‡³
ye,YÃ©men,ğŸ‡¾ğŸ‡ª
zm,Zambie,ğŸ‡¿ğŸ‡²
zw,Zimbabwe,ğŸ‡¿ğŸ‡¼
tw,TaÃ¯wan,ğŸ‡¹ğŸ‡¼
gl,Groenland,ğŸ‡¬ğŸ‡±
pr,Porto Rico,ğŸ‡µğŸ‡·
hk,Hong Kong,ğŸ‡­ğŸ‡°
